Organization,Vertical,Domain,Keywords
Capital Rx,Pharmacy & Distribution,cap-rx.com,"site:linkedin.com/in ""AJ Loiacono"" ""Capital Rx"" ""Chief Executive Officer"""
Eggmed,Digital Health & Healthtech,eggmed.com,"site:linkedin.com/in ""AK Azaiez"" ""Eggmed"" ""CEO"""
Abbott,Life Sciences & Biotech,abbott.com,"site:linkedin.com/in ""AJ Shah"" ""Abbott"" ""Product"""
JMI Equity,Infrastructure & Enabling Technologies,jmi.com,"site:linkedin.com/in ""AJ Hull"" ""JMI Equity"" ""Associate"""
The Cigna Group Ventures,Insurance & Payers,cignaventures.com,"site:linkedin.com/in ""AJ Shimoga"" ""The Cigna Group Ventures"" ""Principal"""
nference,Digital Health & Healthtech,nference.com,"site:linkedin.com/in ""AJ Venkatakrishnan"" ""nference"" ""VP of Scientific Partnerships"""
HealthDay,Patient Engagement & Support,healthday.com,"site:linkedin.com/in ""AJ Meyers"" ""HealthDay"" ""Managing Director"""
HSBC Bank USA NA,Infrastructure & Enabling Technologies,us.hsbc.com,"site:linkedin.com/in ""AJIT MENON"" ""HSBC Bank USA NA"" ""Managing Director"""
Fiserv,Infrastructure & Enabling Technologies,fiserv.com,"site:linkedin.com/in ""AJ Levin"" ""Fiserv"" ""Senior Director, Small Business Strategy"""
